{"cameraMode":{"drawMode":0,"name":"Shaded","section":"Shading Mode"},"sceneLighting":false,"audioPlay":false,"sceneViewState":{"m_AlwaysRefresh":false,"showFog":true,"showSkybox":false,"showFlares":true,"showImageEffects":true,"showParticleSystems":true,"showVisualEffectGraphs":true,"m_FxEnabled":true},"in2DMode":false,"pivot":{"x":-0.00419008731842041,"y":0.8443280458450317,"z":0.027201108634471895},"rotation":{"x":-0.19063729047775269,"y":-0.043267980217933658,"z":0.008411274291574955,"w":-0.9806715250015259},"size":1.0125370025634766,"orthographic":false}