{"cameraMode":{"drawMode":0,"name":"Shaded","section":"Shading Mode"},"sceneLighting":true,"audioPlay":false,"sceneViewState":{"m_AlwaysRefresh":false,"showFog":true,"showSkybox":true,"showFlares":true,"showImageEffects":true,"showParticleSystems":true,"showVisualEffectGraphs":true,"m_FxEnabled":true},"in2DMode":false,"pivot":{"x":0.6048479080200195,"y":2.24160099029541,"z":-2.919151782989502},"rotation":{"x":0.11872720718383789,"y":-0.17448605597019196,"z":0.02119836024940014,"w":0.9772522449493408},"size":1.7300255298614503,"orthographic":false}