{"cameraMode":{"drawMode":0,"name":"Shaded","section":"Shading Mode"},"sceneLighting":true,"audioPlay":false,"sceneViewState":{"m_AlwaysRefresh":false,"showFog":true,"showSkybox":true,"showFlares":true,"showImageEffects":true,"showParticleSystems":true,"showVisualEffectGraphs":true,"m_FxEnabled":true},"in2DMode":false,"pivot":{"x":2.599168300628662,"y":3.343026638031006,"z":-1.7749581336975098},"rotation":{"x":0.15724851191043855,"y":-0.39495137333869936,"z":0.06881304085254669,"w":0.9025264382362366},"size":3.5645101070404054,"orthographic":true}