{"cameraMode":{"drawMode":0,"name":"Shaded","section":"Shading Mode"},"sceneLighting":true,"audioPlay":false,"sceneViewState":{"m_AlwaysRefresh":false,"showFog":true,"showSkybox":true,"showFlares":true,"showImageEffects":true,"showParticleSystems":true,"showVisualEffectGraphs":true,"m_FxEnabled":true},"in2DMode":false,"pivot":{"x":1.2616313695907593,"y":1.9339089393615723,"z":-1.3295443058013917},"rotation":{"x":0.25346478819847109,"y":-0.36036190390586855,"z":0.10241436213254929,"w":0.8918562531471252},"size":0.24170011281967164,"orthographic":false}