{"cameraMode":{"drawMode":0,"name":"Shaded","section":"Shading Mode"},"sceneLighting":true,"audioPlay":false,"sceneViewState":{"m_AlwaysRefresh":false,"showFog":true,"showSkybox":true,"showFlares":true,"showImageEffects":true,"showParticleSystems":true,"showVisualEffectGraphs":true,"m_FxEnabled":true},"in2DMode":false,"pivot":{"x":-0.23355065286159516,"y":4.211120128631592,"z":-0.678107500076294},"rotation":{"x":0.09226475656032562,"y":0.007780588697642088,"z":-0.0007205633446574211,"w":0.9957109689712524},"size":4.9819231033325199,"orthographic":false}